{
    "$schema": "http://schema.management.azure.com/schemas/2015-01-01-preview/deploymentTemplate.json#",
    "contentVersion": "1.0.0.0",
    "parameters": {
        "name": {
            "type": "String"
        },
        "location": {
            "type": "String"
        },
        "skuName": {
            "type": "String"
        },
        "skuTier": {
            "type": "String"
        },
        "skuCapacity": {
            "type": "String"
        },
        "isAutoInflateEnabled": {
            "type": "String"
        },
        "maximumThroughputUnits": {
            "type": "String"
        },
        "kafkaEnabled": {
            "type": "Bool"
        },
        "zoneRedundant": {
            "type": "Bool"
        }
    },
    "resources": [
        {
            "type": "Microsoft.EventHub/namespaces",
            "sku": {
                "name": "[parameters('skuTier')]",
                "tier": "[parameters('skuTier')]",
                "capacity": "[parameters('skuCapacity')]"
            },
            "name": "[parameters('name')]",
            "apiVersion": "2018-01-01-preview",
            "location": "[parameters('location')]",
            "properties": {
                "isAutoInflateEnabled": "[parameters('isAutoInflateEnabled')]",
                "maximumThroughputUnits": "[parameters('maximumThroughputUnits')]",
                "kafkaEnabled": "[parameters('kafkaEnabled')]",
                "zoneRedundant": "[parameters('zoneRedundant')]"
            }
        }
    ]
}