{
    "$schema": "https://schema.management.azure.com/schemas/2015-01-01/deploymentParameters.json#",
    "contentVersion": "1.0.0.0",
    "parameters": {
        "name": {
            "value": "GEADataCatalog"
        },
        "location": {
            "value": "westeurope"
        },
        "admins": {
            "value": [
                {
                    "upn": "geaddz@soothsayeranalytics.com",
                    "objectId": "6e842868-92f0-4150-bbcb-b2acdd6487b5"
                }
            ]
        },
        "enableAutomaticBillingUnitAdjustment": {
            "value": false
        },
        "sku": {
            "value": "Free"
        },
        "users": {
            "value": [
                {
                    "upn": "geaddz@soothsayeranalytics.com",
                    "objectId": "6e842868-92f0-4150-bbcb-b2acdd6487b5"
                }
            ]
        }
    }
}