{
    "$schema": "https://schema.management.azure.com/schemas/2015-01-01/deploymentTemplate.json#",
    "contentVersion": "1.0.0.0",
    "parameters": {
        "registryName": {
            "type": "String",
            "metadata": {
                "description": "The name of the container registry."
            }
        },
        "registryLocation": {
            "type": "String",
            "metadata": {
                "description": "The location of the container registry. This cannot be changed after the resource is created."
            }
        },
        "registrySku": {
            "defaultValue": "Standard",
            "type": "String",
            "metadata": {
                "description": "The SKU of the container registry."
            }
        },
        "registryApiVersion": {
            "defaultValue": "2017-10-01",
            "type": "String",
            "metadata": {
                "description": "The API version of the container registry."
            }
        },
        "adminUserEnabled": {
            "defaultValue": false,
            "type": "Bool",
            "metadata": {
                "description": "The value that indicates whether the admin user is enabled."
            }
        }
    },
    "resources": [
        {
            "type": "Microsoft.ContainerRegistry/registries",
            "sku": {
                "name": "[parameters('registrySku')]"
            },
            "name": "[parameters('registryName')]",
            "apiVersion": "[parameters('registryApiVersion')]",
            "location": "[parameters('registryLocation')]",
            "properties": {
                "adminUserEnabled": "[parameters('adminUserEnabled')]"
            }
        }
    ]
}