{
    "$schema": "http://schema.management.azure.com/schemas/2014-04-01-preview/deploymentTemplate.json#",
    "contentVersion": "1.0.0.0",
    "parameters": {
        "name": {
            "type": "String"
        },
        "storageName": {
            "type": "String"
        },
        "location": {
            "type": "String"
        },
        "subscriptionId": {
            "type": "String"
        }
    },
    "resources": [
        {
            "type": "Microsoft.Web/sites",
            "kind": "functionapp",
            "name": "[parameters('name')]",
            "apiVersion": "2016-03-01",
            "location": "West Europe",
            "properties": {
                "siteConfig": {
                    "appSettings": [
                        {
                            "name": "AzureWebJobsDashboard",
                            "value": "[concat('DefaultEndpointsProtocol=https;AccountName=',parameters('storageName'),';AccountKey=',listKeys(resourceId('Microsoft.Storage/storageAccounts', parameters('storageName')), '2015-05-01-preview').key1)]"
                        },
                        {
                            "name": "AzureWebJobsStorage",
                            "value": "[concat('DefaultEndpointsProtocol=https;AccountName=',parameters('storageName'),';AccountKey=',listKeys(resourceId('Microsoft.Storage/storageAccounts', parameters('storageName')), '2015-05-01-preview').key1)]"
                        },
                        {
                            "name": "FUNCTIONS_EXTENSION_VERSION",
                            "value": "~1"
                        },
                        {
                            "name": "WEBSITE_CONTENTAZUREFILECONNECTIONSTRING",
                            "value": "[concat('DefaultEndpointsProtocol=https;AccountName=',parameters('storageName'),';AccountKey=',listKeys(resourceId('Microsoft.Storage/storageAccounts', parameters('storageName')), '2015-05-01-preview').key1)]"
                        },
                        {
                            "name": "WEBSITE_CONTENTSHARE",
                            "value": "[concat(toLower(parameters('name')), '92cd')]"
                        },
                        {
                            "name": "WEBSITE_NODE_DEFAULT_VERSION",
                            "value": "6.5.0"
                        },
                        {
                            "name": "APPINSIGHTS_INSTRUMENTATIONKEY",
                            "value": "[reference(resourceId('microsoft.insights/components/', parameters('name')), '2015-05-01').InstrumentationKey]"
                        }
                    ]
                },
                "name": "[parameters('name')]",
                "clientAffinityEnabled": false,
                "reserved": false
            },
            "dependsOn": [
                "[resourceId('Microsoft.Storage/storageAccounts', parameters('storageName'))]",
                "[resourceId('microsoft.insights/components/', parameters('name'))]"
            ]
        },
        {
            "type": "Microsoft.Storage/storageAccounts",
            "name": "[parameters('storageName')]",
            "apiVersion": "2015-05-01-preview",
            "location": "[parameters('location')]",
            "properties": {
                "accountType": "Standard_LRS"
            }
        },
        {
            "type": "microsoft.insights/components",
            "name": "[parameters('name')]",
            "apiVersion": "2015-05-01",
            "location": "West Europe",
            "tags": {
                "[concat('hidden-link:', resourceGroup().id, '/providers/Microsoft.Web/sites/', parameters('name'))]": "Resource"
            },
            "properties": {
                "ApplicationId": "[parameters('name')]",
                "Request_Source": "IbizaWebAppExtensionCreate"
            }
        }
    ]
}