{
    "$schema": "https://schema.management.azure.com/schemas/2015-01-01/deploymentTemplate.json#",
    "contentVersion": "1.0.0.0",
    "parameters": {
        "networkSecurityGroupName": {
            "type": "String"
        },
        "location": {
            "type": "String"
        }
    },
    "resources": [
        {
            "type": "Microsoft.Network/networkSecurityGroups",
            "name": "[parameters('networkSecurityGroupName')]",
            "apiVersion": "2015-06-15",
            "location": "[parameters('location')]",
            "properties": {}
        }
    ]
}