{
    "$schema": "https://schema.management.azure.com/schemas/2015-01-01/deploymentParameters.json#",
    "contentVersion": "1.0.0.0",
    "parameters": {
        "name": {
            "value": "geaddzkeyvault"
        },
        "location": {
            "value": "westeurope"
        },
        "sku": {
            "value": "Premium"
        },
        "accessPolicies": {
            "value": [
                {
                    "objectId": "6e842868-92f0-4150-bbcb-b2acdd6487b5",
                    "tenantId": "5e3869d3-2dc1-470b-b5a7-6d44d4be01e5",
                    "permissions": {
                        "keys": [
                            "Get",
                            "List",
                            "Update",
                            "Create",
                            "Import",
                            "Delete",
                            "Recover",
                            "Backup",
                            "Restore"
                        ],
                        "secrets": [
                            "Get",
                            "List",
                            "Set",
                            "Delete",
                            "Recover",
                            "Backup",
                            "Restore"
                        ],
                        "certificates": [
                            "Get",
                            "List",
                            "Update",
                            "Create",
                            "Import",
                            "Delete",
                            "Recover",
                            "Backup",
                            "Restore",
                            "ManageContacts",
                            "ManageIssuers",
                            "GetIssuers",
                            "ListIssuers",
                            "SetIssuers",
                            "DeleteIssuers"
                        ]
                    }
                }
            ]
        },
        "tenant": {
            "value": "5e3869d3-2dc1-470b-b5a7-6d44d4be01e5"
        },
        "enabledForDeployment": {
            "value": false
        },
        "enabledForTemplateDeployment": {
            "value": false
        },
        "enabledForDiskEncryption": {
            "value": false
        },
        "networkAcls": {
            "value": {
                "defaultAction": "Allow",
                "bypass": "AzureServices",
                "virtualNetworkRules": [],
                "ipRules": []
            }
        }
    }
}