{
    "$schema": "https://schema.management.azure.com/schemas/2015-01-01/deploymentParameters.json#",
    "contentVersion": "1.0.0.0",
    "parameters": {
        "location": {
            "value": "westeurope"
        },
        "virtualMachineName": {
            "value": "geaddzSQL"
        },
        "virtualMachineSize": {
            "value": "Standard_DS12_v2"
        },
        "adminUsername": {
            "value": "geaddztecsql"
        },
        "virtualNetworkName": {
            "value": "geaddz_vpn"
        },
        "networkInterfaceName": {
            "value": "geaddzsql889"
        },
        "networkSecurityGroupName": {
            "value": "geaddzSQL-nsg"
        },
        "adminPassword": {
            "value": null
        },
        "diagnosticsStorageAccountName": {
            "value": "geaddzdiag764"
        },
        "diagnosticsStorageAccountId": {
            "value": "/subscriptions/eb3995d7-88ef-4420-85c9-bb1701680988/resourceGroups/geaddz/providers/Microsoft.Storage/storageAccounts/geaddzdiag764"
        },
        "subnetName": {
            "value": "geaddz_subnet"
        },
        "publicIpAddressName": {
            "value": "geaddzSQL-ip"
        },
        "publicIpAddressType": {
            "value": "Static"
        },
        "publicIpAddressSku": {
            "value": "Basic"
        },
        "sqlConnectivityType": {
            "value": "Public"
        },
        "sqlPortNumber": {
            "value": 1433
        },
        "sqlStorageDisksCount": {
            "value": 1
        },
        "sqlStorageWorkloadType": {
            "value": "GENERAL"
        },
        "sqlStorageDisksConfigurationType": {
            "value": "NEW"
        },
        "sqlStorageStartingDeviceId": {
            "value": 2
        },
        "sqlStorageDeploymentToken": {
            "value": 87801
        },
        "sqlAuthenticationLogin": {
            "value": "geaddztecsql"
        },
        "sqlAuthenticationPassword": {
            "value": null
        },
        "rServicesEnabled": {
            "value": "false"
        }
    }
}