{
    "$schema": "http://schema.management.azure.com/schemas/2015-01-01/deploymentTemplate.json#",
    "contentVersion": "1.0.0.0",
    "parameters": {
        "location": {
            "type": "String"
        },
        "virtualMachineName": {
            "type": "String"
        },
        "virtualMachineSize": {
            "type": "String"
        },
        "adminUsername": {
            "type": "String"
        },
        "virtualNetworkName": {
            "type": "String"
        },
        "networkInterfaceName": {
            "type": "String"
        },
        "networkSecurityGroupName": {
            "type": "String"
        },
        "adminPassword": {
            "type": "SecureString"
        },
        "diagnosticsStorageAccountName": {
            "type": "String"
        },
        "diagnosticsStorageAccountId": {
            "type": "String"
        },
        "subnetName": {
            "type": "String"
        },
        "publicIpAddressName": {
            "type": "String"
        },
        "publicIpAddressType": {
            "type": "String"
        },
        "publicIpAddressSku": {
            "type": "String"
        },
        "sqlConnectivityType": {
            "type": "String"
        },
        "sqlPortNumber": {
            "type": "Int"
        },
        "sqlStorageDisksCount": {
            "type": "Int"
        },
        "sqlStorageWorkloadType": {
            "type": "String"
        },
        "sqlStorageDisksConfigurationType": {
            "type": "String"
        },
        "sqlStorageStartingDeviceId": {
            "type": "Int"
        },
        "sqlStorageDeploymentToken": {
            "type": "Int"
        },
        "sqlAuthenticationLogin": {
            "type": "String"
        },
        "sqlAuthenticationPassword": {
            "type": "SecureString"
        },
        "rServicesEnabled": {
            "type": "String"
        }
    },
    "variables": {
        "vnetId": "[resourceId('geaddz','Microsoft.Network/virtualNetworks', parameters('virtualNetworkName'))]",
        "subnetRef": "[concat(variables('vnetId'), '/subnets/', parameters('subnetName'))]"
    },
    "resources": [
        {
            "type": "Microsoft.Compute/virtualMachines",
            "name": "[parameters('virtualMachineName')]",
            "apiVersion": "2018-04-01",
            "location": "[parameters('location')]",
            "properties": {
                "osProfile": {
                    "computerName": "[parameters('virtualMachineName')]",
                    "adminUsername": "[parameters('adminUsername')]",
                    "adminPassword": "[parameters('adminPassword')]",
                    "windowsConfiguration": {
                        "provisionVmAgent": "true"
                    }
                },
                "hardwareProfile": {
                    "vmSize": "[parameters('virtualMachineSize')]"
                },
                "storageProfile": {
                    "imageReference": {
                        "publisher": "MicrosoftSQLServer",
                        "offer": "SQL2017-WS2016",
                        "sku": "Enterprise",
                        "version": "latest"
                    },
                    "osDisk": {
                        "createOption": "fromImage",
                        "managedDisk": {
                            "storageAccountType": "Premium_LRS"
                        }
                    },
                    "dataDisks": [
                        {
                            "createOption": "empty",
                            "lun": 0,
                            "diskSizeGB": "1023",
                            "caching": "ReadOnly",
                            "managedDisk": {
                                "storageAccountType": "Premium_LRS"
                            }
                        }
                    ]
                },
                "networkProfile": {
                    "networkInterfaces": [
                        {
                            "id": "[resourceId('Microsoft.Network/networkInterfaces', parameters('networkInterfaceName'))]"
                        }
                    ]
                },
                "diagnosticsProfile": {
                    "bootDiagnostics": {
                        "enabled": true,
                        "storageUri": "[concat('https://', parameters('diagnosticsStorageAccountName'), '.blob.core.windows.net/')]"
                    }
                }
            },
            "dependsOn": [
                "[concat('Microsoft.Network/networkInterfaces/', parameters('networkInterfaceName'))]"
            ]
        },
        {
            "type": "Microsoft.Compute/virtualMachines/extensions",
            "name": "[concat(parameters('virtualMachineName'), '/SqlIaasExtension')]",
            "apiVersion": "2015-06-15",
            "location": "[parameters('location')]",
            "properties": {
                "type": "SqlIaaSAgent",
                "publisher": "Microsoft.SqlServer.Management",
                "typeHandlerVersion": "1.2",
                "autoUpgradeMinorVersion": "true",
                "settings": {
                    "AutoTelemetrySettings": {
                        "Region": "[parameters('location')]"
                    },
                    "AutoPatchingSettings": {
                        "PatchCategory": "WindowsMandatoryUpdates",
                        "Enable": false,
                        "DayOfWeek": "Sunday",
                        "MaintenanceWindowStartingHour": "2",
                        "MaintenanceWindowDuration": "60"
                    },
                    "KeyVaultCredentialSettings": {
                        "Enable": false,
                        "CredentialName": ""
                    },
                    "ServerConfigurationsManagementSettings": {
                        "SQLConnectivityUpdateSettings": {
                            "ConnectivityType": "[parameters('sqlConnectivityType')]",
                            "Port": "[parameters('sqlPortNumber')]"
                        },
                        "SQLWorkloadTypeUpdateSettings": {
                            "SQLWorkloadType": "[parameters('sqlStorageWorkloadType')]"
                        },
                        "SQLStorageUpdateSettings": {
                            "DiskCount": "[parameters('sqlStorageDisksCount')]",
                            "NumberOfColumns": "[parameters('sqlStorageDisksCount')]",
                            "StartingDeviceID": "[parameters('sqlStorageStartingDeviceId')]",
                            "DiskConfigurationType": "[parameters('sqlStorageDisksConfigurationType')]"
                        },
                        "AdditionalFeaturesServerConfigurations": {
                            "IsRServicesEnabled": "[parameters('rServicesEnabled')]"
                        }
                    }
                },
                "protectedSettings": {
                    "SQLAuthUpdateUserName": "[parameters('sqlAuthenticationLogin')]",
                    "SQLAuthUpdatePassword": "[parameters('sqlAuthenticationPassword')]"
                }
            },
            "dependsOn": [
                "[concat('Microsoft.Compute/virtualMachines/', parameters('virtualMachineName'))]",
                "[concat('Microsoft.Compute/virtualMachines/', parameters('virtualMachineName'))]"
            ]
        },
        {
            "type": "Microsoft.Network/networkInterfaces",
            "name": "[parameters('networkInterfaceName')]",
            "apiVersion": "2018-04-01",
            "location": "[parameters('location')]",
            "properties": {
                "ipConfigurations": [
                    {
                        "name": "ipconfig1",
                        "properties": {
                            "subnet": {
                                "id": "[variables('subnetRef')]"
                            },
                            "privateIPAllocationMethod": "Dynamic",
                            "publicIpAddress": {
                                "id": "[resourceId('geaddz','Microsoft.Network/publicIpAddresses', parameters('publicIpAddressName'))]"
                            }
                        }
                    }
                ],
                "enableAcceleratedNetworking": true,
                "networkSecurityGroup": {
                    "id": "[resourceId('geaddz', 'Microsoft.Network/networkSecurityGroups', parameters('networkSecurityGroupName'))]"
                }
            },
            "dependsOn": [
                "[concat('Microsoft.Network/publicIpAddresses/', parameters('publicIpAddressName'))]",
                "[concat('Microsoft.Network/networkSecurityGroups/', parameters('networkSecurityGroupName'))]"
            ]
        },
        {
            "type": "Microsoft.Network/publicIpAddresses",
            "sku": {
                "name": "[parameters('publicIpAddressSku')]"
            },
            "name": "[parameters('publicIpAddressName')]",
            "apiVersion": "2017-08-01",
            "location": "[parameters('location')]",
            "properties": {
                "publicIpAllocationMethod": "[parameters('publicIpAddressType')]"
            }
        },
        {
            "type": "Microsoft.Network/networkSecurityGroups",
            "name": "[parameters('networkSecurityGroupName')]",
            "apiVersion": "2018-01-01",
            "location": "[parameters('location')]",
            "properties": {
                "securityRules": [
                    {
                        "name": "HTTP",
                        "properties": {
                            "priority": 300,
                            "protocol": "TCP",
                            "access": "Allow",
                            "direction": "Inbound",
                            "sourceApplicationSecurityGroups": [],
                            "destinationApplicationSecurityGroups": [],
                            "sourceAddressPrefix": "*",
                            "sourcePortRange": "*",
                            "destinationAddressPrefix": "*",
                            "destinationPortRange": "80"
                        }
                    },
                    {
                        "name": "HTTPS",
                        "properties": {
                            "priority": 320,
                            "protocol": "TCP",
                            "access": "Allow",
                            "direction": "Inbound",
                            "sourceApplicationSecurityGroups": [],
                            "destinationApplicationSecurityGroups": [],
                            "sourceAddressPrefix": "*",
                            "sourcePortRange": "*",
                            "destinationAddressPrefix": "*",
                            "destinationPortRange": "443"
                        }
                    },
                    {
                        "name": "SSH",
                        "properties": {
                            "priority": 340,
                            "protocol": "TCP",
                            "access": "Allow",
                            "direction": "Inbound",
                            "sourceApplicationSecurityGroups": [],
                            "destinationApplicationSecurityGroups": [],
                            "sourceAddressPrefix": "*",
                            "sourcePortRange": "*",
                            "destinationAddressPrefix": "*",
                            "destinationPortRange": "22"
                        }
                    },
                    {
                        "name": "RDP",
                        "properties": {
                            "priority": 360,
                            "protocol": "TCP",
                            "access": "Allow",
                            "direction": "Inbound",
                            "sourceApplicationSecurityGroups": [],
                            "destinationApplicationSecurityGroups": [],
                            "sourceAddressPrefix": "*",
                            "sourcePortRange": "*",
                            "destinationAddressPrefix": "*",
                            "destinationPortRange": "3389"
                        }
                    },
                    {
                        "name": "MS_SQL",
                        "properties": {
                            "priority": 380,
                            "protocol": "TCP",
                            "access": "Allow",
                            "direction": "Inbound",
                            "sourceApplicationSecurityGroups": [],
                            "destinationApplicationSecurityGroups": [],
                            "sourceAddressPrefix": "*",
                            "sourcePortRange": "*",
                            "destinationAddressPrefix": "*",
                            "destinationPortRange": "1433"
                        }
                    },
                    {
                        "name": "default-allow-sql",
                        "properties": {
                            "priority": 1500,
                            "protocol": "TCP",
                            "access": "Allow",
                            "direction": "Inbound",
                            "sourceApplicationSecurityGroups": [],
                            "destinationApplicationSecurityGroups": [],
                            "sourceAddressPrefix": "*",
                            "sourcePortRange": "*",
                            "destinationAddressPrefix": "*",
                            "destinationPortRange": "1433"
                        }
                    }
                ]
            }
        }
    ],
    "outputs": {
        "adminUsername": {
            "type": "String",
            "value": "[parameters('adminUsername')]"
        }
    }
}