{
    "$schema": "https://schema.management.azure.com/schemas/2015-01-01/deploymentParameters.json#",
    "contentVersion": "1.0.0.0",
    "parameters": {
        "location": {
            "value": "westeurope"
        },
        "virtualMachineName": {
            "value": "geaiotedgetest"
        },
        "virtualMachineSize": {
            "value": "Standard_D2s_v3"
        },
        "adminUsername": {
            "value": "geaddztec"
        },
        "virtualNetworkName": {
            "value": "geaddz_vpn"
        },
        "networkInterfaceName": {
            "value": "geaiotedgetest630"
        },
        "networkSecurityGroupName": {
            "value": "geaddz_nsg"
        },
        "adminPassword": {
            "value": null
        },
        "diagnosticsStorageAccountName": {
            "value": "geaddzdiag764"
        },
        "diagnosticsStorageAccountId": {
            "value": "/subscriptions/eb3995d7-88ef-4420-85c9-bb1701680988/resourceGroups/geaddz/providers/Microsoft.Storage/storageAccounts/geaddzdiag764"
        },
        "subnetName": {
            "value": "geaddz_subnet"
        },
        "publicIpAddressName": {
            "value": "geaiotedgetestip530"
        },
        "publicIpAddressType": {
            "value": "Static"
        },
        "publicIpAddressSku": {
            "value": "Basic"
        }
    }
}