{
    "$schema": "https://schema.management.azure.com/schemas/2015-01-01/deploymentParameters.json#",
    "contentVersion": "1.0.0.0",
    "parameters": {
        "clusterName": {
            "value": "geaddzhadoop"
        },
        "clusterLoginUserName": {
            "value": "admin"
        },
        "clusterLoginPassword": {
            "value": null
        },
        "location": {
            "value": "westeurope"
        },
        "clusterVersion": {
            "value": "3.6"
        },
        "clusterWorkerNodeCount": {
            "value": 1
        },
        "clusterKind": {
            "value": "SPARK"
        },
        "sshUserName": {
            "value": "sshuser"
        },
        "sshPassword": {
            "value": null
        },
        "hiveUserName": {
            "value": "ServerAdmin"
        },
        "hivePassword": {
            "value": null
        },
        "identityCertificate": {
            "value": null
        },
        "identityCertificatePassword": {
            "value": null
        },
        "domainUsername": {
            "value": "geaddz@ads.soothsayeranalytics.com"
        },
        "domainUserPassword": {
            "value": null
        }
    }
}