{
    "$schema": "http://schema.management.azure.com/schemas/2014-04-01-preview/deploymentTemplate.json#",
    "contentVersion": "0.9.0.0",
    "parameters": {
        "name": {
            "type": "String"
        },
        "location": {
            "type": "String"
        },
        "newTier": {
            "type": "String"
        }
    },
    "resources": [
        {
            "type": "Microsoft.DataLakeStore/accounts",
            "name": "[parameters('name')]",
            "apiVersion": "2016-11-01",
            "location": "[parameters('location')]",
            "properties": {
                "newTier": "Consumption",
                "encryptionState": "Enabled",
                "encryptionConfig": {
                    "type": "ServiceManaged"
                }
            }
        }
    ]
}