{
    "$schema": "https://schema.management.azure.com/schemas/2015-01-01/deploymentParameters.json#",
    "contentVersion": "1.0.0.0",
    "parameters": {
        "name": {
            "value": "geaddz_vpn"
        },
        "location": {
            "value": "westeurope"
        },
        "addressPrefix": {
            "value": "10.0.0.0/16"
        },
        "subnetName": {
            "value": "geaddz_subnet"
        },
        "subnetAddressPrefix": {
            "value": "10.0.0.0/24"
        },
        "enableDdosProtection": {
            "value": false
        }
    }
}