{
    "$schema": "https://schema.management.azure.com/schemas/2015-01-01/deploymentTemplate.json#",
    "contentVersion": "1.0.0.0",
    "parameters": {
        "name": {
            "defaultValue": "myv2datafactory",
            "type": "String"
        },
        "location": {
            "defaultValue": "East US",
            "type": "String"
        },
        "apiVersion": {
            "defaultValue": "2018-06-01",
            "type": "String"
        }
    },
    "resources": [
        {
            "type": "Microsoft.DataFactory/factories",
            "name": "[parameters('name')]",
            "apiVersion": "[parameters('apiVersion')]",
            "location": "[parameters('location')]",
            "identity": {
                "type": "SystemAssigned"
            }
        }
    ]
}