{
    "$schema": "http://schema.management.azure.com/schemas/2015-01-01/deploymentTemplate.json#",
    "contentVersion": "1.0.0.0",
    "parameters": {
        "name": {
            "type": "String"
        },
        "location": {
            "type": "String"
        },
        "locationName": {
            "type": "String"
        },
        "defaultExperience": {
            "type": "String"
        }
    },
    "variables": {},
    "resources": [
        {
            "type": "Microsoft.DocumentDb/databaseAccounts",
            "kind": "GlobalDocumentDB",
            "name": "[parameters('name')]",
            "apiVersion": "2015-04-08",
            "location": "[parameters('location')]",
            "tags": {
                "defaultExperience": "[parameters('defaultExperience')]"
            },
            "properties": {
                "databaseAccountOfferType": "Standard",
                "locations": [
                    {
                        "id": "[concat(parameters('name'), '-', parameters('location'))]",
                        "failoverPriority": 0,
                        "locationName": "[parameters('locationName')]"
                    }
                ],
                "enableMultipleWriteLocations": false,
                "isVirtualNetworkFilterEnabled": true,
                "virtualNetworkRules": [
                    {
                        "id": "/subscriptions/eb3995d7-88ef-4420-85c9-bb1701680988/resourceGroups/geaddz/providers/Microsoft.Network/virtualNetworks/geaddz_vpn/subnets/geaddz_subnet"
                    }
                ],
                "dependsOn": []
            }
        }
    ],
    "outputs": {}
}