{
    "$schema": "https://schema.management.azure.com/schemas/2015-01-01/deploymentParameters.json#",
    "contentVersion": "1.0.0.0",
    "parameters": {
        "administratorLogin": {
            "value": "geadbadmin"
        },
        "administratorLoginPassword": {
            "value": null
        },
        "collation": {
            "value": "SQL_Latin1_General_CP1_CI_AS"
        },
        "databaseName": {
            "value": "geaDB"
        },
        "tier": {
            "value": "Standard"
        },
        "skuName": {
            "value": "S0"
        },
        "location": {
            "value": "westeurope"
        },
        "maxSizeBytes": {
            "value": 268435456000
        },
        "serverName": {
            "value": "geaddzsql"
        },
        "sampleName": {
            "value": ""
        },
        "zoneRedundant": {
            "value": false
        },
        "licenseType": {
            "value": ""
        },
        "enableATP": {
            "value": false
        }
    }
}