{
    "$schema": "http://schema.management.azure.com/schemas/2014-04-01-preview/deploymentTemplate.json#",
    "contentVersion": "1.0.0.0",
    "parameters": {
        "administratorLogin": {
            "type": "String"
        },
        "administratorLoginPassword": {
            "type": "SecureString"
        },
        "collation": {
            "type": "String"
        },
        "databaseName": {
            "type": "String"
        },
        "tier": {
            "type": "String"
        },
        "skuName": {
            "type": "String"
        },
        "location": {
            "type": "String"
        },
        "maxSizeBytes": {
            "type": "Int"
        },
        "serverName": {
            "type": "String"
        },
        "sampleName": {
            "defaultValue": "",
            "type": "String"
        },
        "zoneRedundant": {
            "defaultValue": false,
            "type": "Bool"
        },
        "licenseType": {
            "defaultValue": "",
            "type": "String"
        },
        "enableATP": {
            "defaultValue": false,
            "type": "Bool"
        }
    },
    "resources": [
        {
            "type": "Microsoft.Sql/servers",
            "name": "[parameters('serverName')]",
            "apiVersion": "2015-05-01-preview",
            "location": "[parameters('location')]",
            "properties": {
                "administratorLogin": "[parameters('administratorLogin')]",
                "administratorLoginPassword": "[parameters('administratorLoginPassword')]",
                "version": "12.0"
            },
            "resources": [
                {
                    "type": "databases",
                    "sku": {
                        "name": "[parameters('skuName')]",
                        "tier": "[parameters('tier')]"
                    },
                    "name": "[parameters('databaseName')]",
                    "apiVersion": "2017-10-01-preview",
                    "location": "[parameters('location')]",
                    "properties": {
                        "collation": "[parameters('collation')]",
                        "maxSizeBytes": "[parameters('maxSizeBytes')]",
                        "sampleName": "[parameters('sampleName')]",
                        "zoneRedundant": "[parameters('zoneRedundant')]",
                        "licenseType": "[parameters('licenseType')]"
                    },
                    "dependsOn": [
                        "[concat('Microsoft.Sql/servers/', parameters('serverName'))]"
                    ]
                },
                {
                    "type": "firewallrules",
                    "name": "AllowAllWindowsAzureIps",
                    "apiVersion": "2014-04-01-preview",
                    "location": "[parameters('location')]",
                    "properties": {
                        "endIpAddress": "0.0.0.0",
                        "startIpAddress": "0.0.0.0"
                    },
                    "dependsOn": [
                        "[concat('Microsoft.Sql/servers/', parameters('serverName'))]"
                    ]
                },
                {
                    "type": "securityAlertPolicies",
                    "name": "Default",
                    "apiVersion": "2017-03-01-preview",
                    "properties": {
                        "state": "Enabled",
                        "disabledAlerts": [],
                        "emailAddresses": [],
                        "emailAccountAdmins": true
                    },
                    "dependsOn": [
                        "[concat('Microsoft.Sql/servers/', parameters('serverName'))]",
                        "[concat('Microsoft.Sql/servers/', parameters('serverName'), '/databases/', parameters('databaseName'))]"
                    ],
                    "condition": "[parameters('enableATP')]"
                }
            ]
        }
    ]
}