{
    "$schema": "https://schema.management.azure.com/schemas/2015-01-01/deploymentParameters.json#",
    "contentVersion": "1.0.0.0",
    "parameters": {
        "collation": {
            "value": "SQL_Latin1_General_CP1_CI_AS"
        },
        "databaseName": {
            "value": "deploypocdb"
        },
        "tier": {
            "value": "Basic"
        },
        "skuName": {
            "value": "Basic"
        },
        "maxSizeBytes": {
            "value": 524288000
        },
        "serverName": {
            "value": "geaddztestsql"
        },
        "serverLocation": {
            "value": "westeurope"
        },
        "sampleName": {
            "value": "AdventureWorksLT"
        },
        "zoneRedundant": {
            "value": false
        },
        "licenseType": {
            "value": ""
        }
    }
}