{
    "$schema": "http://schema.management.azure.com/schemas/2014-04-01-preview/deploymentTemplate.json#",
    "contentVersion": "1.0.0.0",
    "parameters": {
        "collation": {
            "type": "String"
        },
        "databaseName": {
            "type": "String"
        },
        "tier": {
            "type": "String"
        },
        "skuName": {
            "type": "String"
        },
        "maxSizeBytes": {
            "type": "Int"
        },
        "serverName": {
            "type": "String"
        },
        "serverLocation": {
            "type": "String"
        },
        "sampleName": {
            "defaultValue": "",
            "type": "String"
        },
        "zoneRedundant": {
            "defaultValue": false,
            "type": "Bool"
        },
        "licenseType": {
            "defaultValue": "",
            "type": "String"
        }
    },
    "resources": [
        {
            "type": "Microsoft.Sql/servers/databases",
            "sku": {
                "name": "[parameters('skuName')]",
                "tier": "[parameters('tier')]"
            },
            "name": "[concat(parameters('serverName'), '/', parameters('databaseName'))]",
            "apiVersion": "2017-10-01-preview",
            "location": "[parameters('serverLocation')]",
            "properties": {
                "collation": "[parameters('collation')]",
                "maxSizeBytes": "[parameters('maxSizeBytes')]",
                "sampleName": "[parameters('sampleName')]",
                "zoneRedundant": "[parameters('zoneRedundant')]",
                "licenseType": "[parameters('licenseType')]"
            }
        }
    ]
}