{
    "$schema": "https://schema.management.azure.com/schemas/2015-01-01/deploymentParameters.json#",
    "contentVersion": "1.0.0.0",
    "parameters": {
        "location": {
            "value": "westeurope"
        },
        "networkInterfaceName": {
            "value": "powerbi405"
        },
        "networkSecurityGroupName": {
            "value": "powerbi-nsg"
        },
        "networkSecurityGroupRules": {
            "value": [
                {
                    "name": "HTTP",
                    "properties": {
                        "priority": 300,
                        "protocol": "TCP",
                        "access": "Allow",
                        "direction": "Inbound",
                        "sourceAddressPrefix": "*",
                        "sourcePortRange": "*",
                        "destinationAddressPrefix": "*",
                        "destinationPortRange": "80"
                    }
                },
                {
                    "name": "HTTPS",
                    "properties": {
                        "priority": 320,
                        "protocol": "TCP",
                        "access": "Allow",
                        "direction": "Inbound",
                        "sourceAddressPrefix": "*",
                        "sourcePortRange": "*",
                        "destinationAddressPrefix": "*",
                        "destinationPortRange": "443"
                    }
                },
                {
                    "name": "RDP",
                    "properties": {
                        "priority": 340,
                        "protocol": "TCP",
                        "access": "Allow",
                        "direction": "Inbound",
                        "sourceAddressPrefix": "*",
                        "sourcePortRange": "*",
                        "destinationAddressPrefix": "*",
                        "destinationPortRange": "3389"
                    }
                }
            ]
        },
        "subnetName": {
            "value": "geaddz_subnet"
        },
        "virtualNetworkId": {
            "value": "/subscriptions/eb3995d7-88ef-4420-85c9-bb1701680988/resourceGroups/geaddz/providers/Microsoft.Network/virtualNetworks/geaddz_vpn"
        },
        "publicIpAddressName": {
            "value": "powerbi-ip"
        },
        "publicIpAddressType": {
            "value": "Dynamic"
        },
        "publicIpAddressSku": {
            "value": "Basic"
        },
        "virtualMachineName": {
            "value": "powerbi"
        },
        "virtualMachineRG": {
            "value": "geaddz"
        },
        "osDiskType": {
            "value": "Premium_LRS"
        },
        "virtualMachineSize": {
            "value": "Standard_DS2"
        },
        "adminUsername": {
            "value": "powerbi"
        },
        "adminPassword": {
            "value": null
        }
    }
}