{
    "$schema": "http://schema.management.azure.com/schemas/2015-01-01/deploymentTemplate.json#",
    "contentVersion": "1.0.0.0",
    "parameters": {
        "subscriptionId": {
            "type": "String"
        },
        "resourceGroupName": {
            "type": "String"
        },
        "apiVersion": {
            "type": "String"
        },
        "domainName": {
            "type": "String"
        },
        "nsgName": {
            "type": "String"
        },
        "vnetName": {
            "type": "String"
        },
        "subnetName": {
            "type": "String"
        },
        "subnetId": {
            "type": "String"
        },
        "location": {
            "type": "String"
        }
    },
    "resources": [
        {
            "type": "Microsoft.AAD/DomainServices",
            "name": "[parameters('domainName')]",
            "apiVersion": "2017-06-01",
            "location": "[parameters('location')]",
            "properties": {
                "domainName": "[parameters('domainName')]",
                "subnetId": "[parameters('subnetId')]"
            },
            "dependsOn": [
                "[resourceId('Microsoft.Network/virtualNetworks/subnets', parameters('vnetName'), parameters('subnetName'))]"
            ]
        },
        {
            "type": "Microsoft.Network/NetworkSecurityGroups",
            "name": "AADDS-ads.soothsayeranalytics.com-NSG",
            "apiVersion": "2017-06-01",
            "location": "westeurope",
            "properties": {
                "securityRules": [
                    {
                        "name": "AllowSyncWithAzureAD",
                        "properties": {
                            "access": "Allow",
                            "priority": 101,
                            "direction": "Inbound",
                            "protocol": "Tcp",
                            "sourceAddressPrefix": "*",
                            "sourcePortRange": "*",
                            "destinationAddressPrefix": "*",
                            "destinationPortRange": "443"
                        }
                    },
                    {
                        "name": "AllowRD",
                        "properties": {
                            "access": "Allow",
                            "priority": 201,
                            "direction": "Inbound",
                            "protocol": "Tcp",
                            "sourceAddressPrefixes": [
                                "207.68.190.32/27",
                                "13.106.78.32/27",
                                "13.106.174.32/27",
                                "13.106.4.96/27"
                            ],
                            "sourcePortRange": "*",
                            "destinationAddressPrefix": "*",
                            "destinationPortRange": "3389"
                        }
                    },
                    {
                        "name": "AllowPSRemotingSliceP",
                        "properties": {
                            "access": "Allow",
                            "priority": 301,
                            "direction": "Inbound",
                            "protocol": "Tcp",
                            "sourceAddressPrefixes": [
                                "52.180.179.108",
                                "52.180.177.87",
                                "13.75.105.168",
                                "52.175.18.134",
                                "52.138.68.41",
                                "52.138.65.157",
                                "104.41.159.212",
                                "104.45.138.161",
                                "52.169.125.119",
                                "52.169.218.0",
                                "52.187.19.1",
                                "52.187.120.237",
                                "13.78.172.246",
                                "52.161.110.169",
                                "52.174.189.149",
                                "40.68.160.142",
                                "40.83.144.56",
                                "13.64.151.161"
                            ],
                            "sourcePortRange": "*",
                            "destinationAddressPrefix": "*",
                            "destinationPortRange": "5986"
                        }
                    },
                    {
                        "name": "AllowPSRemotingSliceT",
                        "properties": {
                            "access": "Allow",
                            "priority": 302,
                            "direction": "Inbound",
                            "protocol": "Tcp",
                            "sourceAddressPrefixes": [
                                "52.180.183.67",
                                "52.180.181.39",
                                "52.175.28.111",
                                "52.175.16.141",
                                "52.138.70.93",
                                "52.138.64.115",
                                "40.80.146.22",
                                "40.121.211.60",
                                "52.138.143.173",
                                "52.169.87.10",
                                "13.76.171.84",
                                "52.187.169.156",
                                "13.78.174.255",
                                "13.78.191.178",
                                "40.68.163.143",
                                "23.100.14.28",
                                "13.64.188.43",
                                "23.99.93.197"
                            ],
                            "sourcePortRange": "*",
                            "destinationAddressPrefix": "*",
                            "destinationPortRange": "5986"
                        }
                    }
                ]
            }
        },
        {
            "type": "Microsoft.Network/virtualNetworks/subnets",
            "name": "[concat(parameters('vnetName'), '/', parameters('subnetName'))]",
            "apiVersion": "2017-06-01",
            "properties": {
                "addressPrefix": "10.0.2.0/24",
                "networkSecurityGroup": {
                    "id": "/subscriptions/eb3995d7-88ef-4420-85c9-bb1701680988/resourceGroups/geaddz/providers/Microsoft.Network/NetworkSecurityGroups/AADDS-ads.soothsayeranalytics.com-NSG"
                }
            },
            "dependsOn": [
                "Microsoft.Network/NetworkSecurityGroups/AADDS-ads.soothsayeranalytics.com-NSG"
            ]
        }
    ],
    "outputs": {}
}