{
    "$schema": "https://schema.management.azure.com/schemas/2015-01-01/deploymentParameters.json#",
    "contentVersion": "1.0.0.0",
    "parameters": {
        "name": {
            "value": "geaddzhubtoblob"
        },
        "location": {
            "value": "westeurope"
        },
        "accountType": {
            "value": "Standard_RAGRS"
        },
        "kind": {
            "value": "Storage"
        },
        "httpsTrafficOnlyEnabled": {
            "value": false
        },
        "networkAclsBypass": {
            "value": "AzureServices"
        },
        "networkAclsDefaultAction": {
            "value": "Deny"
        }
    }
}