{
    "$schema": "https://schema.management.azure.com/schemas/2015-01-01/deploymentTemplate.json#",
    "contentVersion": "1.0.0.0",
    "parameters": {
        "name": {
            "type": "String"
        },
        "location": {
            "type": "String"
        },
        "accountType": {
            "type": "String"
        },
        "kind": {
            "type": "String"
        },
        "httpsTrafficOnlyEnabled": {
            "type": "Bool"
        },
        "networkAclsBypass": {
            "type": "String"
        },
        "networkAclsDefaultAction": {
            "type": "String"
        }
    },
    "resources": [
        {
            "type": "Microsoft.Storage/storageAccounts",
            "sku": {
                "name": "[parameters('accountType')]"
            },
            "kind": "[parameters('kind')]",
            "name": "[parameters('name')]",
            "apiVersion": "2018-02-01",
            "location": "[parameters('location')]",
            "properties": {
                "supportsHttpsTrafficOnly": "[parameters('httpsTrafficOnlyEnabled')]",
                "encryption": {
                    "services": {
                        "blob": {
                            "enabled": true
                        },
                        "file": {
                            "enabled": true
                        }
                    },
                    "keySource": "Microsoft.Storage"
                },
                "networkAcls": {
                    "bypass": "[parameters('networkAclsBypass')]",
                    "defaultAction": "[parameters('networkAclsDefaultAction')]",
                    "ipRules": [],
                    "virtualNetworkRules": [
                        {
                            "id": "/subscriptions/eb3995d7-88ef-4420-85c9-bb1701680988/resourceGroups/geaddz/providers/Microsoft.Network/virtualNetworks/geaddz_vpn/subnets/geaddz_subnet"
                        },
                        {
                            "id": "/subscriptions/eb3995d7-88ef-4420-85c9-bb1701680988/resourceGroups/geaddz/providers/Microsoft.Network/virtualNetworks/geaddz_vpn/subnets/sparkcluster_subnet"
                        }
                    ]
                }
            },
            "dependsOn": []
        }
    ]
}